"Linear Ends"	"Quad Ends"
0.0721578044080495	0.170159743389425
